CREATE TABLE fyp.passenger_journey (
    id bigint(20) NOT NULL AUTO_INCREMENT PRIMARY KEY,
    date datetime DEFAULT NULL,
    destination varchar(255) DEFAULT NULL,
    destination_Lat float NOT NULL,
    destination_Lng float NOT NULL,
    source varchar(255) DEFAULT NULL,
    source_Lat float NOT NULL,
    source_Lng float NOT NULL,
    time varchar(255) DEFAULT NULL,
    user_Id bigint(20) NOT NULL,
    KEY FK_PJ_USER (user_Id),
    CONSTRAINT FK_PJ_USER FOREIGN KEY (user_Id) REFERENCES fyp.jhi_user (id)
) ENGINE=InnoDB AUTO_INCREMENT=2 DEFAULT CHARSET=utf8;

CREATE TABLE fyp.driver_journey (
    id bigint(20) NOT NULL AUTO_INCREMENT PRIMARY KEY,
    date datetime DEFAULT NULL,
    destination varchar(255) DEFAULT NULL,
    source varchar(255) DEFAULT NULL,
    time varchar(255) DEFAULT NULL,
    user_Id bigint(20) NOT NULL,
    KEY FK_PJ_USER (user_Id),
    CONSTRAINT FK_PJ_USER_DRIVER FOREIGN KEY (user_Id) REFERENCES fyp.jhi_user (id)
) ENGINE=InnoDB AUTO_INCREMENT=2 DEFAULT CHARSET=utf8;

CREATE TABLE fyp.waypoints (
    id bigint(20) NOT NULL AUTO_INCREMENT PRIMARY KEY,
    name varchar(255) DEFAULT NULL,
    journey_Id bigint(20) DEFAULT NULL,
    KEY FK_PK_JOURNEY (journey_Id),
    CONSTRAINT FK_PK_JOURNEY_DRIVER FOREIGN KEY (journey_Id) REFERENCES fyp.driver_journey (id)
) ENGINE=InnoDB AUTO_INCREMENT=2 DEFAULT CHARSET=utf8;

CREATE TABLE fyp.makes (
    id bigint(20) NOT NULL AUTO_INCREMENT PRIMARY KEY,
    make varchar(255) NOT NULL
);
INSERT INTO fyp.makes VALUES (1,'AlfaRomeo'),(2,'Audi'),(3,'BMW'),(4,'Chevrolet'),(5,'Chrysler'),(6,'Citroen'),(7,'Dacia'),(8,'Daewoo'),(9,'Daihatsu'),(10,'Dodge'),(11,'Fiat'),(12,'Ford'),(13,'Honda'),(14,'Hyundai'),(15,'Isuzu'),(16,'Jaguar'),(17,'Jeep'),(18,'KIA'),(19,'LandRover'),(20,'Lexus'),(21,'Mazda'),(22,'Mercedes'),(23,'MG'),(24,'Mini'),(25,'Mitsubishi'),(26,'Nissan'),(27,'Opel'),(28,'Peugeot'),(29,'Renault'),(30,'Rover'),(31,'Saab'),(32,'Skoda'),(33,'Smart'),(34,'SsangYong'),(35,'Subaru'),(36,'Suzuki'),(37,'Toyota'),(38,'Vauxhall'),(39,'Volkswagen'),(40,'Volvo');


CREATE TABLE fyp.makeandmodel(
    id bigint(20)NOT NULL AUTO_INCREMENT PRIMARY KEY,
    make_id bigint(20)NOT NULL,
    model varchar(255)NOT NULL,
    KEY FK_MODEL_MAKE (make_id),
    CONSTRAINT FK_MODEL_MAKE FOREIGN KEY (make_id) REFERENCES fyp.makes(id)
) ENGINE=InnoDB AUTO_INCREMENT=2 DEFAULT CHARSET=utf8;

INSERT INTO fyp.makeandmodel VALUES (1,1,'A1'),(2,1,'145'),(3,1,'147'),(4,1,'155'),(5,1,'156'),(6,1,'159'),(7,1,'166'),(8,1,'Alfetta'),(9,1,'Giulia'),(10,1,'Giulietta'),(11,1,'GT'),(12,1,'Mito'),(13,1,'Spider'),(14,2,'A1'),(15,2,'A2'),(16,2,'A3'),(17,2,'A4'),(18,2,'A5'),(19,2,'A6'),(20,2,'A7'),(21,2,'A8'),(22,2,'Allroad'),(23,2,'Coupe'),(24,2,'Q3'),(25,2,'Q5'),(26,2,'Q7'),(27,2,'QuattroTurbo'),(28,2,'R8'),(29,2,'RS4'),(30,2,'RS6'),(31,2,'S3'),(32,2,'S4'),(33,2,'S8'),(34,2,'TT'),(35,3,'1-Series'),(36,3,'3-Series'),(37,3,'5-Series'),(38,3,'6-Series'),(39,3,'7-Series'),(40,3,'8-Series'),(41,3,'Alpina B10'),(42,3,'M3'),(43,3,'M5'),(44,3,'M6'),(45,3,'None'),(46,3,'X1'),(47,3,'X3'),(48,3,'X5'),(49,3,'Z3'),(50,3,'Z4'),(51,3,'Z8'),(52,4,'Aveo'),(53,4,'Camaro'),(54,4,'Captiva'),(55,4,'Chevelle'),(56,4,'Corvette'),(57,4,'Epica'),(58,4,'Kalos'),(59,4,'Lacetti'),(60,4,'Matiz'),(61,4,'Nubira'),(62,4,'Spark'),(63,4,'Tacuma'),(64,5,'300c'),(65,5,'Avenger'),(66,5,'Commander'),(67,5,'Crossfire'),(68,5,'Delta'),(69,5,'Grand Voyager'),(70,5,'Neon'),(71,5,'PT Cruiser'),(72,5,'Sebring'),(73,5,'Voyager'),(74,5,'Ypsilon'),(75,6,'2CV'),(76,6,'AX'),(77,6,'Berlingo'),(78,6,'Berlingo Multispace'),(79,6,'C1'),(80,6,'C15'),(81,6,'C2'),(82,6,'C25'),(83,6,'C3'),(84,6,'C4'),(85,6,'C4 GRAND PICASSO '),(86,6,'C5'),(87,6,'C8'),(88,6,'C-Crosser'),(89,6,'CX'),(90,6,'Dispatch'),(91,6,'DS'),(92,6,'DS3'),(93,6,'DS4'),(94,6,'DS5'),(95,6,'Dyane'),(96,6,'Nemo'),(97,6,'Relay'),(98,6,'Saxo'),(99,6,'Synergie'),(100,6,'Xantia'),(101,6,'Xsara'),(102,6,'Xsara Picasso'),(103,7,'Duster'),(104,7,'Logan'),(105,7,'Sandero'),(106,8,'Kalos'),(107,8,'Lanos'),(108,8,'Leganza'),(109,8,'Matiz'),(110,8,'Nexia'),(111,8,'Nubia'),(112,9,'Charade'),(113,9,'Copen'),(114,9,'Cuore'),(115,9,'Fourtrak'),(116,9,'Hijet'),(117,9,'Midget'),(118,9,'Sirion'),(119,9,'Sportrak'),(120,9,'Terios'),(121,9,'YRV'),(122,10,'Avenger'),(123,10,'Caliber'),(124,10,'Nitro'),(125,10,'RAM'),(126,11,'1200'),(127,11,'124'),(128,11,'125'),(129,11,'126'),(130,11,'127'),(131,11,'1300'),(132,11,'131'),(133,11,'500/cinquecento'),(134,11,'600'),(135,11,'850'),(136,11,'900'),(137,11,'Brava'),(138,11,'Bravo'),(139,11,'Croma'),(140,11,'Doblo'),(141,11,'Idea'),(142,11,'Marea'),(143,11,'Multipla'),(144,11,'Panda'),(145,11,'Punto'),(146,11,'Qubo'),(147,11,'Scudo'),(148,11,'Sedici'),(149,11,'Seicento'),(150,11,'Stilo'),(151,11,'Strada'),(152,11,'Ulysse'),(153,11,'UNO'),(154,11,'X1/9'),(155,12,'Anglia'),(156,12,'B-MAX'),(157,12,'Capri'),(158,12,'Cargo'),(159,12,'C-MAX'),(160,12,'Consul'),(161,12,'Corsair'),(162,12,'Cortina'),(163,12,'Cougar'),(164,12,'Courier'),(165,12,'DorchesterLimo'),(166,12,'ECOSPORT'),(167,12,'Escort'),(168,12,'Explorer'),(169,12,'Fiesta'),(170,12,'Focus,'),(171,12,'F-Series'),(172,12,'Fusion'),(173,12,'Galaxy'),(174,12,'Granada'),(175,12,'GT'),(176,12,'KA'),(177,12,'Kuga'),(178,12,'LincolnTowncar'),(179,12,'Maverick'),(180,12,'Mondeo,'),(181,12,'Mustang'),(182,12,'None'),(183,12,'Orion'),(184,12,'P'),(185,12,'Prefect'),(186,12,'Probe'),(187,12,'Puma'),(188,12,'Ranger'),(189,12,'Rs'),(190,12,'Scorpio'),(191,12,'Sierra'),(192,12,'S-MAX'),(193,12,'Thunderbird'),(194,12,'TransitConnect'),(195,12,'Zephyr'),(196,13,'Accord'),(197,13,'Beat'),(198,13,'City'),(199,13,'Civic'),(200,13,'CR-V'),(201,13,'CR-X'),(202,13,'CR-Z'),(203,13,'CX'),(204,13,'Fit'),(205,13,'FR-V'),(206,13,'HR-V'),(207,13,'Insight'),(208,13,'Integra'),(209,13,'Jazz'),(210,13,'Legend'),(211,13,'Odyssey'),(212,13,'Prelude'),(213,13,'S-2000'),(214,13,'Stepwagon'),(215,13,'Stream'),(216,14,'Accent'),(217,14,'Amica'),(218,14,'Atos'),(219,14,'Atoz'),(220,14,'Coupe'),(221,14,'Getz'),(222,14,'Grandeur'),(223,14,'I10'),(224,14,'I20'),(225,14,'I30'),(226,14,'I40'),(227,14,'Ix20'),(228,14,'Ix35'),(229,14,'Lantra'),(230,14,'Matrix'),(231,14,'Montana'),(232,14,'Santa-FE'),(233,14,'Sonata'),(234,14,'Terracan'),(235,14,'Trajet'),(236,14,'Tucson'),(237,14,'Veloster'),(238,15,'Rodeo'),(239,15,'Trooper'),(240,16,'S-Type'),(241,16,'XF'),(242,16,'XJ'),(243,16,'XJR'),(244,16,'XJS'),(245,16,'XK'),(246,16,'XKR'),(247,16,'X-Type'),(248,17,'Cherokee'),(249,17,'Grand Cherokee'),(250,17,'Wrangler'),(251,18,'Carens'),(252,18,'Carnival'),(253,18,'Ceed'),(254,18,'Cerato'),(255,18,'Magentis'),(256,18,'Mentor'),(257,18,'Optima'),(258,18,'Picanto'),(259,18,'Procee\'d'),(260,18,'RIO'),(261,18,'Sedona'),(262,18,'Sorento'),(263,18,'Soul'),(264,18,'Sportage'),(265,18,'Venga'),(266,19,'Defender'),(267,19,'Discovery'),(268,19,'Evoque'),(269,19,'Freelander'),(270,19,'Rangerover'),(271,19,'Rangerover Sport'),(272,19,'Vogue'),(273,20,'CT'),(274,20,'GS'),(275,20,'IS'),(276,20,'LS'),(277,20,'None'),(278,20,'RX'),(279,20,'Soarer'),(280,21,'121'),(281,21,'2'),(282,21,'3'),(283,21,'323'),(284,21,'5'),(285,21,'6'),(286,21,'626'),(287,21,'CX-5'),(288,21,'CX-7'),(289,21,'Demio'),(290,21,'E 2200'),(291,21,'MPV'),(292,21,'MX-3'),(293,21,'MX-5'),(294,21,'MX-6'),(295,21,'Premacy'),(296,21,'RX-3'),(297,21,'RX-7'),(298,21,'RX-8'),(299,21,'Tribute'),(300,21,'Xedos'),(301,22,'190'),(302,22,'200'),(303,22,'220'),(304,22,'230'),(305,22,'240'),(306,22,'250'),(307,22,'260'),(308,22,'280'),(309,22,'300'),(310,22,'320'),(311,22,'350'),(312,22,'420'),(313,22,'500'),(314,22,'600'),(315,22,'A-Class'),(316,22,'A-Series'),(317,22,'B-Class'),(318,22,'C-Class'),(319,22,'CE-Class'),(320,22,'Clc-class/c-class Coupe'),(321,22,'CL-Class'),(322,22,'CLK-Class'),(323,22,'CLS-Class'),(324,22,'E-Class'),(325,22,'G-Class'),(326,22,'GL-Class'),(327,22,'ML-Class'),(328,22,'n'),(329,22,'R-Class'),(330,22,'S-Class'),(331,22,'SL-Class'),(332,22,'SLK-Class'),(333,22,'Vario'),(334,22,'V-Class'),(335,22,'Viano'),(336,22,'Vito'),(337,23,'Magnette'),(338,23,'MGB'),(339,23,'MGF'),(340,23,'Midget'),(341,23,'ZR'),(342,23,'ZS'),(343,23,'ZT'),(344,24,'Clubman'),(345,24,'Cooper'),(346,24,'Countryman'),(347,24,'First'),(348,24,'GT'),(349,24,'Mini'),(350,24,'ONE'),(351,25,'3000gto'),(352,25,'ASX'),(353,25,'Canter'),(354,25,'Carisma'),(355,25,'Colt'),(356,25,'FTO'),(357,25,'Galant'),(358,25,'Grandis'),(359,25,'I'),(360,25,'L 200'),(361,25,'L 300'),(362,25,'Lancer'),(363,25,'Mirage'),(364,25,'Outlander'),(365,25,'Pajero'),(366,25,'Pajero Junior'),(367,25,'Ralliart'),(368,25,'Shogun'),(369,25,'Spacerunner'),(370,25,'Spacestar'),(371,25,'Spacewagon'),(372,25,'Starion'),(373,26,'Almera'),(374,26,'Bluebird'),(375,26,'Cube'),(376,26,'D21'),(377,26,'D22'),(378,26,'Fairlady'),(379,26,'Figaro'),(380,26,'GT-R'),(381,26,'Juke'),(382,26,'Largo'),(383,26,'Laurel'),(384,26,'Leaf'),(385,26,'March'),(386,26,'Maxima'),(387,26,'Micra'),(388,26,'Murano'),(389,26,'Navara'),(390,26,'None'),(391,26,'Note'),(392,26,'NV200 Combi'),(393,26,'Pathfinder'),(394,26,'Patrol'),(395,26,'Pixo'),(396,26,'Primastar'),(397,26,'Primera'),(398,26,'Pulsar'),(399,26,'Qashqai'),(400,26,'Serena'),(401,26,'Silvia'),(402,26,'Skyline'),(403,26,'Sunny'),(404,26,'Terrano'),(405,26,'Tiida'),(406,26,'Vanette'),(407,26,'X-Trail'),(408,26,'Z-CAR'),(409,26,'ZX'),(410,27,'Agila'),(411,27,'Antara'),(412,27,'Ascona'),(413,27,'Astra'),(414,27,'Calibra'),(415,27,'Combo'),(416,27,'Corsa'),(417,27,'Frontera'),(418,27,'GT'),(419,27,'Insignia'),(420,27,'Kadett'),(421,27,'Manta'),(422,27,'Meriva'),(423,27,'Monza'),(424,27,'Movano'),(425,27,'Nova'),(426,27,'Omega'),(427,27,'Senator'),(428,27,'Signum'),(429,27,'Speedster'),(430,27,'Tigra'),(431,27,'Vectra'),(432,27,'Vivaro'),(433,27,'Zafira'),(434,28,'1007'),(435,28,'104'),(436,28,'106'),(437,28,'107'),(438,28,'205'),(439,28,'206'),(440,28,'207'),(441,28,'208'),(442,28,'3008'),(443,28,'306'),(444,28,'307'),(445,28,'308'),(446,28,'4007'),(447,28,'405'),(448,28,'406'),(449,28,'407'),(450,28,'5008'),(451,28,'504'),(452,28,'508'),(453,28,'607'),(454,28,'806'),(455,28,'807'),(456,28,'Bipper'),(457,28,'Expert'),(458,28,'ION'),(459,28,'None'),(460,28,'RCZ'),(461,29,'Avantime'),(462,29,'Captur'),(463,29,'Caravelle'),(464,29,'Clio'),(465,29,'Espace'),(466,29,'Fluence'),(467,29,'Grand Espace'),(468,29,'Grand Megane'),(469,29,'Grand Modus'),(470,29,'Grand Scenic'),(471,29,'Kangoo'),(472,29,'Koleos'),(473,29,'Laguna'),(474,29,'Megane'),(475,29,'Modus'),(476,29,'None'),(477,29,'Scenic'),(478,29,'Sport'),(479,29,'Twingo'),(480,29,'VEL Satis'),(481,30,'100'),(482,30,'105'),(483,30,'111'),(484,30,'200'),(485,30,'200 Series'),(486,30,'25'),(487,30,'400 Series'),(488,30,'45'),(489,30,'600 Series'),(490,30,'75'),(491,30,'80'),(492,30,'90'),(493,30,'City'),(494,30,'Metro'),(495,30,'Mini'),(496,30,'Montego'),(497,30,'Streetwise'),(498,31,'90'),(499,31,'900'),(500,31,'9-3'),(501,31,'9-5'),(502,31,'96'),(503,32,'Citigo'),(504,32,'Fabia'),(505,32,'Felicia'),(506,32,'Octavia'),(507,32,'Rapid'),(508,32,'Roomster'),(509,32,'Superb'),(510,32,'Yeti'),(511,33,'Forfour'),(512,33,'Fortwo'),(513,33,'Pulse'),(514,33,'Pure'),(515,33,'Roadster'),(516,33,'Smart'),(517,34,'Actyon'),(518,34,'Kyron'),(519,34,'Rexton'),(520,34,'Rodius'),(521,35,'Forester'),(522,35,'Impreza'),(523,35,'Justy'),(524,35,'Legacy'),(525,35,'Outback'),(526,35,'Tribeca'),(527,35,'Vivio'),(528,35,'XV'),(529,36,'Alto'),(530,36,'Baleno'),(531,36,'Escudo'),(532,36,'Grand Vitara'),(533,36,'Ignis'),(534,36,'Jimny'),(535,36,'Liana'),(536,36,'Samurai'),(537,36,'SJ 413'),(538,36,'Splash'),(539,36,'Swift'),(540,36,'SX-4'),(541,36,'Vitara'),(542,36,'WAGON R PLUS'),(543,37,'Altezza'),(544,37,'Auris'),(545,37,'Avensis'),(546,37,'Aygo'),(547,37,'Camry'),(548,37,'Carina'),(549,37,'Celica'),(550,37,'Corolla'),(551,37,'Corona'),(552,37,'Cressida'),(553,37,'Cynos'),(554,37,'Estima'),(555,37,'Glanza'),(556,37,'GT86'),(557,37,'Harrier'),(558,37,'Hilux'),(559,37,'Ipsum'),(560,37,'IQ'),(561,37,'Landcruiser'),(562,37,'MR2'),(563,37,'MRS'),(564,37,'Paseo'),(565,37,'Picnic'),(566,37,'Previa'),(567,37,'Prius'),(568,37,'RAV-4'),(569,37,'Sera'),(570,37,'Soarer'),(571,37,'Starlet'),(572,37,'Supra'),(573,37,'Urban Cruiser'),(574,37,'Verso'),(575,37,'Yaris'),(576,38,'Agila'),(577,38,'Antara'),(578,38,'Ascona'),(579,38,'Astra'),(580,38,'Calibra'),(581,38,'Combo'),(582,38,'Corsa'),(583,38,'Frontera'),(584,38,'GT'),(585,38,'Insignia'),(586,38,'Kadett'),(587,38,'Manta'),(588,38,'Meriva'),(589,38,'Monza'),(590,38,'Movano'),(591,38,'Nova'),(592,38,'Omega'),(593,38,'Senator'),(594,38,'Signum'),(595,38,'Speedster'),(596,38,'Tigra'),(597,38,'Vectra'),(598,38,'Vivaro'),(599,38,'Zafira'),(600,38,'Agila'),(601,38,'Antara'),(602,38,'Ascona'),(603,38,'Astra'),(604,38,'Calibra'),(605,38,'Combo'),(606,38,'Corsa'),(607,38,'Frontera'),(608,38,'GT'),(609,38,'Insignia'),(610,38,'Kadett'),(611,38,'Manta'),(612,38,'Meriva'),(613,38,'Monza'),(614,38,'Movano'),(615,38,'Nova'),(616,38,'Omega'),(617,38,'Senator'),(618,38,'Signum'),(619,38,'Speedster'),(620,38,'Tigra'),(621,38,'Vectra'),(622,38,'Vivaro'),(623,38,'Zafira'),(624,39,'Amarok'),(625,39,'Beetle'),(626,39,'Bora'),(627,39,'Caddy'),(628,39,'Caravelle'),(629,39,'Car/commercial'),(630,39,'CC'),(631,39,'Corrado'),(632,39,'EOS'),(633,39,'FOX'),(634,39,'Golf'),(635,39,'Jetta'),(636,39,'Lupo'),(637,39,'None'),(638,39,'Passat'),(639,39,'Polo'),(640,39,'Scirocco'),(641,39,'Sharan'),(642,39,'Shuttle'),(643,39,'Tiguan'),(644,39,'Touareg'),(645,39,'Touran'),(646,39,'Transporter'),(647,39,'Up'),(648,39,'Vento'),(649,40,'164'),(650,40,'300 Series'),(651,40,'400 Series'),(652,40,'700 Series'),(653,40,'850'),(654,40,'900 Series'),(655,40,'C30'),(656,40,'C70'),(657,40,'S40'),(658,40,'S60'),(659,40,'S70'),(660,40,'S80'),(661,40,'V40'),(662,40,'V50'),(663,40,'V60'),(664,40,'V70'),(665,40,'Xc60'),(666,40,'Xc70'),(667,40,'Xc90');

CREATE TABLE fyp.cars (
    id bigint(20) NOT NULL AUTO_INCREMENT PRIMARY KEY,
    make_and_model_id bigint(20) NOT NULL,
    user_id bigint(20) NOT NULL,
    year bigint(20) NOT NULL,
    KEY FK_makeModel (make_and_model_id),
    KEY FK_userId (user_id),
    CONSTRAINT FK_userId FOREIGN KEY (user_id) REFERENCES fyp.jhi_user (id),
    CONSTRAINT FK_makeModel FOREIGN KEY (make_and_model_id) REFERENCES fyp.makeandmodel (id)
) ENGINE=InnoDB AUTO_INCREMENT=7 DEFAULT CHARSET=utf8;

INSERT INTO fyp.jhi_user VALUES (5,'user2','$2a$10$qGKpBWjUEqZKGbkNqlthq.pKvn4O5FmYSyj1d3dXExmWxUDLDpTp.',NULL,NULL,'user2@live.ie','','en',NULL,NULL,'anonymousUser','2016-04-03 14:11:30',NULL,'anonymousUser','2016-04-03 14:11:44'),
    (6,'user3','$2a$10$j7BGBLsRffpNhup5xw5ti.1ogeFqFcovEZdoXE.FnvwdzuGh.2pcu',NULL,NULL,'user3@live.ie','','en',NULL,NULL,'anonymousUser','2016-04-03 14:14:55',NULL,'anonymousUser','2016-04-03 14:15:16'),
    (7,'mike','$2a$10$fJtDdi5tS5kMKOMgdcJVAeXuM31Z8jNxL0LUH6G0g6yskF/NDadgi',NULL,NULL,'mike100casey@live.ie','','en',NULL,NULL,'anonymousUser','2016-04-03 14:16:44',NULL,'anonymousUser','2016-04-03 14:16:56');

INSERT INTO fyp.jhi_user VALUES (8,'user4','$2a$10$qGKpBWjUEqZKGbkNqlthq.pKvn4O5FmYSyj1d3dXExmWxUDLDpTp.',NULL,NULL,'user4@live.ie','','en',NULL,NULL,'anonymousUser','2016-04-03 14:11:30',NULL,'anonymousUser','2016-04-03 14:11:44');

INSERT INTO fyp.cars VALUES (7,196,7,2016);

INSERT INTO fyp.passenger_journey VALUES (2,'2018-06-04 00:00:00','Askeaton, Ireland',0,0,'Foynes, Ireland',0,0,'3:10 PM',4),(3,'2018-06-04 00:00:00','Dromcolliher, Ireland',0,0,'Kanturk, Ireland',0,0,'3:12 PM',5),(4,'2018-06-04 00:00:00','Newcastle West, Ireland',0,0,'Listowel, Ireland',0,0,'3:13 PM',8),(5,'2018-06-04 00:00:00','Killorglin, Ireland',0,0,'Cahirciveen, Ireland',0,0,'3:15 PM',6);

